fold,val_mae,val_bias,val_rmse,val_r2
4.5,7.620437908172607,0.08399826288223267,9.857502862488465,0.6822201669216156
