MAE,BIAS,RMSE,R2
8.802618987593506,-2.746604723471746,11.040958342868107,0.42158293777958145
