MAE,BIAS,RMSE,R2
6.7290046293026196,0.041123191966188105,8.633209637313351,0.7565305278623567
