MAE,BIAS,RMSE,R2
7.872003206729737,-0.5925005183486645,9.94600137822106,0.5380920457296077
