MAE,BIAS,RMSE,R2
7.110611676164513,0.7218862881091114,9.178178904872095,0.7237944355946824
