fold,val_mae,val_bias,val_rmse,val_r2
4.5,7.495424270629883,-0.13734452426433563,9.6049949750314,0.6806186974048615
