MAE,BIAS,RMSE,R2
7.962988641819418,-2.012932493225059,10.064667523057444,0.5193527978426591
