MAE,BIAS,RMSE,R2
6.371181876972677,-0.2262305825975867,8.108844891067186,0.7724326424876629
